Pvm;Saaja/Maksaja;M‰‰r‰;Saldo;Tila;Tarkastus
01.03.2021;Palvelumaksut 02/2021;-3,5;4359,92;Toteutunut;Ei
15.02.2021;Aurora Mets‰ 5930284716;28,5;4363,42;Toteutunut;Ei
22.01.2021;Myynti Pohjola Tekniikka;424;4334,92;Toteutunut;Ei
07.01.2021;Myynti Kaamos Robotics A;428,56;3910,92;Toteutunut;Ei
31.12.2020;Palvelumaksut 12/2020;-3,5;3482,36;Toteutunut;Ei
15.12.2020;Matti Meik‰l‰inen;500;3485,86;Toteutunut;Ei
10.12.2020;Myynti Tunturi Pankki Oy;223;2985,86;Toteutunut;Ei
18.11.2020;Osto Aurora Mets‰ Oyj;-515;2762,86;Toteutunut;Ei
03.11.2020;Osto Tunturi Pankki Oyj;-231;3277,86;Toteutunut;Ei
30.09.2020;Palvelumaksut 09/2020;-3,5;3508,86;Toteutunut;Ei
16.09.2020;Myynti Saimaa Energia Oy;644,5;3512,36;Toteutunut;Ei
03.09.2020;Osto Aurora Mets‰ Oyj;-652;2867,86;Toteutunut;Ei
31.08.2020;Palvelumaksut 08/2020;-3,5;3519,86;Toteutunut;Ei
03.08.2020;Matti Meik‰l‰inen;2000;3523,36;Toteutunut;Ei
