Pvm;Saaja/Maksaja;Määrä;Saldo;Tila;Tarkastus
03.07.2020;Osto Tunturi Pankki Oyj;-115;1657,96;Toteutunut;Ei
30.06.2020;Palvelumaksut 06/2020;-3,5;1772,96;Toteutunut;Ei
30.06.2020;Osto Tunturi Pankki Oyj;-218;1776,46;Toteutunut;Ei
17.06.2020;Myynti Lumi Palvelut Oyj;152;1994,46;Toteutunut;Ei
10.06.2020;Vero osakesäästötililtä;-45;1842,46;Toteutunut;Ei
10.06.2020;Nosto osakesäästötililtä;-500;1887,46;Toteutunut;Ei
22.05.2020;Myynti Aurora Metsä Oyj;466;2387,46;Toteutunut;Ei
07.05.2020;Myynti Pohjola Tekniikka;532;1921,46;Toteutunut;Ei
15.04.2020;Aurora Metsä 4820193756;22,5;1389,46;Toteutunut;Ei
03.04.2020;Osto Pohjola Tekniikka O;-116;1366,96;Toteutunut;Ei
31.03.2020;Palvelumaksut 03/2020;-3,5;1482,96;Toteutunut;Ei
27.03.2020;Osto Saimaa Energia Oyj;-318;1486,46;Toteutunut;Ei
27.03.2020;Osto Saimaa Energia Oyj;-318;1804,46;Toteutunut;Ei
20.03.2020;Matti Meikäläinen;1000;2122,46;Toteutunut;Ei
12.03.2020;Myynti Pohjola Tekniikka;724;1122,46;Toteutunut;Ei
04.03.2020;Osto Lumi Holding Oyj;-402;398,46;Toteutunut;Ei
12.02.2020;Osto Aurora Metsä Oyj;-718;800,46;Toteutunut;Ei
05.02.2020;Osto Kaamos Robotics AB;-1181,04;1518,46;Toteutunut;Ei
03.02.2020;Osto Pohjola Tekniikka O;-120;2699,5;Toteutunut;Ei
31.12.2019;Palvelumaksut 12/2019;-3,5;2819,5;Toteutunut;Ei
04.11.2019;Vero osakesäästötililtä;-21,3;2823;Toteutunut;Ei
04.11.2019;Nosto osakesäästötililtä;-300;2844,3;Toteutunut;Ei
15.10.2019;Myynti Revontuli Oyj;905;3144,3;Toteutunut;Ei
30.09.2019;Palvelumaksut 09/2019;-3,5;2239,3;Toteutunut;Ei
28.06.2019;Palvelumaksut 06/2019;-3,5;2242,8;Toteutunut;Ei
20.05.2019;Revontuli 7301928465;38,4;2246,3;Toteutunut;Ei
29.03.2019;Palvelumaksut 03/2019;-3,5;2207,9;Toteutunut;Ei
14.02.2019;Osto Pohjola Tekniikka O;-1012;2211,4;Toteutunut;Ei
01.02.2019;Osto Revontuli Oyj;-812;3223,4;Toteutunut;Ei
10.01.2019;Osto Lumi Holding Oyj;-557,6;4035,4;Toteutunut;Ei
10.01.2019;Osto Aurora Metsä Oyj;-1407;4593;Toteutunut;Ei
07.01.2019;Matti Meikäläinen;6000;6000;Toteutunut;Ei
