Date;Time;Value date;Product;ISIN;Description;FX;Change;;Balance;;Order Id
03-11-2025;07:15;31-10-2025;;;Flatex Interest Income;;CZK;0,00;CZK;3,47;
03-10-2025;07:15;30-09-2025;;;Flatex Interest Income;;CZK;3,47;CZK;3,47;
22-09-2025;10:02;22-09-2025;;;DEGIRO rabat propagace;;EUR;3,00;EUR;12,60;
22-09-2025;10:01;22-09-2025;;;DEGIRO courtesy;;EUR;0,75;EUR;9,60;
19-09-2025;18:20;19-09-2025;;;Transfer to your Cash Account at flatexDEGIRO Bank: 8,85 EUR;;;;EUR;8,85;
19-09-2025;18:20;19-09-2025;;;Degiro Cash Sweep Transfer;;EUR;-8,85;EUR;0,00;
16-09-2025;06:45;15-09-2025;;;FX Credit;;EUR;3,49;EUR;8,85;
16-09-2025;06:45;15-09-2025;;;FX Debit;1,1690;USD;-4,08;USD;0,00;
15-09-2025;09:12;12-09-2025;APPLE INC;US0378331005;Dividend Tax;;USD;-0,72;USD;4,08;
15-09-2025;09:12;12-09-2025;APPLE INC;US0378331005;Dividend;;USD;4,80;USD;4,80;
08-09-2025;15:31;08-09-2025;APPLE INC;US0378331005;FX Credit;1,1702;USD;901,25;USD;0,00;3f2c9a10-5b7d-4e21-9c84-
;;;;;;;;;;;7a1d0e6b42f5
08-09-2025;15:31;08-09-2025;APPLE INC;US0378331005;FX Debit;;EUR;-770,16;EUR;5,36;3f2c9a10-5b7d-4e21-9c84-7a1d0e6b42f5
08-09-2025;15:31;08-09-2025;APPLE INC;US0378331005;DEGIRO Transaction and/or third party fees;;EUR;-1,00;EUR;775,52;3f2c9a10-5b7d-4e21-9c84-7a1d0e6b42f5
08-09-2025;15:31;08-09-2025;APPLE INC;US0378331005;Buy 5 APPLE INC@180,25 USD (US0378331005);;USD;-901,25;USD;-901,25;3f2c9a10-5b7d-4e21-9c84-7a1d0e6b42f5
25-08-2025;11:04;25-08-2025;VANGUARD FTSE ALL-WORLD UCITS ETF;IE00BK5BQT80;DEGIRO Transaction and/or third party fees;;EUR;-1,00;EUR;776,52;9b8e7d6c-1a2b-4c3d-8e9f-0a1b2c3d4e5f
25-08-2025;11:04;25-08-2025;VANGUARD FTSE ALL-WORLD UCITS ETF;IE00BK5BQT80;Sell 3 VANGUARD FTSE ALL-WORLD UCITS ETF@118,75 EUR (IE00BK5BQT80);;EUR;356,25;EUR;777,52;9b8e7d6c-1a2b-4c3d-8e9f-0a1b2c3d4e5f
04-08-2025;10:22;04-08-2025;VANGUARD FTSE ALL-WORLD UCITS ETF;IE00BK5BQT80;DEGIRO Transaction and/or third party fees;;EUR;-1,00;EUR;421,27;c4d5e6f7-8a9b-4c0d-9e1f-2a3b4c5d6e7f
04-08-2025;10:22;04-08-2025;VANGUARD FTSE ALL-WORLD UCITS ETF;IE00BK5BQT80;Buy 10 VANGUARD FTSE ALL-WORLD UCITS ETF@112,40 EUR (IE00BK5BQT80);;EUR;-1.124,00;EUR;422,27;c4d5e6f7-8a9b-4c0d-9e1f-2a3b4c5d6e7f
02-07-2025;07:16;30-06-2025;;;DEGIRO Exchange Connection Fee 2025 (Nasdaq - NDQ);;EUR;-2,50;EUR;1.546,27;
20-06-2025;13:30;20-06-2025;;;flatex Withdrawal;;EUR;-100,00;EUR;1.548,77;
02-06-2025;09:51;30-05-2025;;;SOFORT Deposit;;EUR;2.500,00;EUR;2.528,77;
02-06-2025;09:51;30-05-2025;;;Reservation iDEAL / Sofort Deposit;;EUR;-2.500,00;EUR;28,77;
30-05-2025;16:49;30-05-2025;;;Reservation iDEAL / Sofort Deposit;;EUR;2.500,00;EUR;2.528,77;
