date;time;status;reference;description;assetType;type;isin;shares;price;amount;fee;tax;currency
2026-06-30;12:15:02;Pending;"SCALPRIME000014";"Vanguard FTSE All-World UCITS ETF (USD) Accumulating";Security;Buy;IE00BK5BQT80;10;135,2;-1352;0;0;EUR
2026-06-29;10:03:44;Cancelled;"SCALPRIME000013";"iShares Core MSCI World UCITS ETF USD (Acc)";Security;Buy;IE00B4L5Y983;0;;0;0;0;EUR
2026-06-15;09:30:12;Executed;"SCALPRIME000012";"Apple Inc.";Security;Sell;US0378331005;5;180,4;902;0,99;24,57;EUR
2026-06-10;02:00:00;Executed;"SCALPRIME000011";"Deutsche Telekom AG";Cash;Distribution;DE0005557508;;;63,26;0;22,74;EUR
2026-06-02;14:05:31;Executed;"SCALPRIME000010";"Apple Inc.";Security;Buy;US0378331005;5;150,1;-750,5;0,99;0;EUR
2026-05-20;14:22:05;Executed;"SCALPRIME000009";"iShares Core MSCI World UCITS ETF USD (Acc)";Security;Buy;IE00B4L5Y983;12;98,45;-1181,4;0;0;EUR
2026-05-04;13:30:56;Executed;"SCALPRIME000008";"Vanguard FTSE All-World UCITS ETF (USD) Accumulating";Security;Savings plan;IE00BK5BQT80;3,69249;135,41;-500;0;0;EUR
2026-05-04;02:00:00;Executed;"SCALPRIME000007";"Lastschrift Sparplan";Cash;Deposit;;;;500;0;;EUR
2026-04-30;02:00:00;Executed;"SCALPRIME000006";"Zinsen";Cash;Interest;;;;3,12;0;1,12;EUR
2026-04-15;02:00:00;Executed;"SCALPRIME000005";"Überweisung an DE89 3704 0044 0532 0130 00";Cash;Withdrawal;;;;-200;0;;EUR
2026-04-01;02:00:00;Executed;"SCALPRIME000004";"Einzahlung von DE89 3704 0044 0532 0130 00";Cash;Deposit;;;;5000;0;;EUR
2026-03-31;02:00:00;Executed;"SCALPRIME000003";"PRIME+ Abonnement";Cash;Fee;;;;-4,99;0;;EUR
2026-03-20;02:00:00;Executed;"SCALPRIME000002";"Steuererstattung";Cash;Taxes;;;;12,5;0;;EUR
2026-03-10;02:00:00;Executed;"SCALPRIME000001";"Kapitalertragsteuer";Cash;Taxes;;;;-8,4;0;;EUR
2026-02-27;10:00:00;Executed;"SCALPRIME000000";"Vanguard FTSE All-World UCITS ETF (Dist)";Security;Security transfer;IE00B3RBWM25;7;;0;0;0;EUR
